model,c_index,ibs
CoxPH,0.8444823494512014,0.10226836946714794
RSF,0.7930881044200534,0.14305317405757667
