{
  "CoxPH": {
    "model_name": "CoxPH",
    "c_index": 0.806025140875596,
    "ibs": 0.10977070271553695
  },
  "RSF": {
    "model_name": "RSF",
    "c_index": 0.7580551943360786,
    "ibs": 0.1522340534899333
  }
}