model,c_index,ibs
CoxPH,0.806025140875596,0.10977070271553695
RSF,0.7580551943360786,0.1522340534899333
