model,c_index,ibs
CoxPH,0.8549925078327203,0.09633794390476544
RSF,0.7954638332652227,0.14607445351934753
