model,c_index,ibs
CoxPH,0.8013038754074611,nan
RSF,0.7513219847881203,nan
