model,c_index,ibs
CoxPH,0.6958701182103846,0.14789042346457656
RSF,0.6643722878946581,0.1665972419080651
