model,c_index,ibs
CoxPH,0.8232956491949298,0.12063382156883226
RSF,0.7926687221651251,0.15803706900147457
