{
  "CoxPH": {
    "model_name": "CoxPH",
    "c_index": 0.8232956491949298,
    "ibs": 0.12063382156883226
  },
  "RSF": {
    "model_name": "RSF",
    "c_index": 0.7926687221651251,
    "ibs": 0.15803706900147457
  }
}