{
  "CoxPH": {
    "model_name": "CoxPH",
    "c_index": 0.8297672401330056,
    "ibs": 0.10482165900068503
  },
  "RSF": {
    "model_name": "RSF",
    "c_index": 0.7912389764348706,
    "ibs": 0.14618602638039485
  }
}