{
  "CoxPH": {
    "model_name": "CoxPH",
    "c_index": 0.6958701182103846,
    "ibs": 0.14789042346457656
  },
  "RSF": {
    "model_name": "RSF",
    "c_index": 0.6643722878946581,
    "ibs": 0.1665972419080651
  }
}