{
  "CoxPH": {
    "model_name": "CoxPH",
    "c_index": 0.8193491999462149,
    "ibs": 0.10264931140625004
  },
  "RSF": {
    "model_name": "RSF",
    "c_index": 0.77282506386984,
    "ibs": 0.1469605245563233
  }
}