{
  "CoxPH": {
    "model_name": "CoxPH",
    "c_index": 0.8512647322351644,
    "ibs": 0.10387859967569818
  },
  "RSF": {
    "model_name": "RSF",
    "c_index": 0.8017782066303674,
    "ibs": 0.15298028066347297
  }
}