model,c_index,ibs
CoxPH,0.7972383144194906,nan
RSF,0.7612094278231887,nan
