model,c_index,ibs
CoxPH,0.8512647322351644,0.10387859967569818
RSF,0.8017782066303674,0.15298028066347297
