model,c_index,ibs
CoxPH,0.8056195965417867,0.10383639453418063
RSF,0.7602305475504323,0.1478489974975255
