model,c_index,ibs
CoxPH,0.8297672401330056,0.10482165900068503
RSF,0.7912389764348706,0.14618602638039485
