{
  "CoxPH": {
    "model_name": "CoxPH",
    "c_index": 0.8395625041937865,
    "ibs": 0.10745116265931877
  },
  "RSF": {
    "model_name": "RSF",
    "c_index": 0.7857478360061733,
    "ibs": 0.14824553144982933
  }
}