{
  "CoxPH": {
    "model_name": "CoxPH",
    "c_index": 0.8549925078327203,
    "ibs": 0.09633794390476544
  },
  "RSF": {
    "model_name": "RSF",
    "c_index": 0.7913090859555919,
    "ibs": 0.14657980562516645
  }
}