model,c_index,ibs
CoxPH,0.8297672401330056,0.10482165900068503
RSF,0.7866126933641753,0.14594449381094818
