{
  "CoxPH": {
    "model_name": "CoxPH",
    "c_index": 0.8277316641719962,
    "ibs": 0.1142482517701187
  },
  "RSF": {
    "model_name": "RSF",
    "c_index": 0.7734385630698054,
    "ibs": 0.1589290455819994
  }
}