{
  "CoxPH": {
    "model_name": "CoxPH",
    "c_index": 0.806025140875596,
    "ibs": 0.10977070271553695
  },
  "RSF": {
    "model_name": "RSF",
    "c_index": 0.7738766074266724,
    "ibs": 0.14787342282402305
  }
}