model,c_index,ibs
CoxPH,0.5492788461538461,0.18401966979000153
RSF,0.5421102335164835,0.1874891621639135
