{
  "CoxPH": {
    "model_name": "CoxPH",
    "c_index": 0.5253004169050928,
    "ibs": 0.19095298270902
  },
  "RSF": {
    "model_name": "RSF",
    "c_index": 0.49840595111583424,
    "ibs": 0.19395617945729413
  }
}