{
  "CoxPH": {
    "model_name": "CoxPH",
    "c_index": 0.49335144409493853,
    "ibs": 0.21556504977785307
  },
  "RSF": {
    "model_name": "RSF",
    "c_index": 0.48995567629396625,
    "ibs": 0.2130977657270616
  }
}