model,c_index,ibs
CoxPH,0.5195693779904306,0.18358312212574168
RSF,0.5210526315789473,0.18286138712131064
