model,c_index,ibs
CoxPH,0.5195693779904306,0.18358312212574168
RSF,0.5202870813397129,0.18295504078610536
