{
  "CoxPH": {
    "model_name": "CoxPH",
    "c_index": 0.5191169215589542,
    "ibs": 0.19938970475648865
  },
  "RSF": {
    "model_name": "RSF",
    "c_index": 0.4975333004440059,
    "ibs": 0.19574346184087804
  }
}