model,c_index,ibs
CoxPH,0.48363293822121045,0.19586935882464604
RSF,0.47048433943009654,0.18800441479084457
