model,c_index,ibs
CoxPH,0.49335144409493853,0.21556504977785307
RSF,0.48995567629396625,0.2130977657270616
