model,c_index,ibs
CoxPH,0.5063986204392812,0.18750820368527013
RSF,0.4863405336721728,0.18297362861926045
