model,c_index,ibs
CoxPH,0.5492788461538461,0.18401966979000153
RSF,0.5436555631868132,0.18715505282710848
