model,c_index,ibs
CoxPH,0.4725822092920744,0.18376995738441432
RSF,0.46998148637926473,0.17828354410883335
