model,c_index,ibs
CoxPH,0.5253004169050928,0.19095298270902
RSF,0.49840595111583424,0.19395617945729413
