{
  "CoxPH": {
    "model_name": "CoxPH",
    "c_index": 0.5195693779904306,
    "ibs": 0.18358312212574168
  },
  "RSF": {
    "model_name": "RSF",
    "c_index": 0.5202870813397129,
    "ibs": 0.18295504078610536
  }
}