{
  "CoxPH": {
    "model_name": "CoxPH",
    "c_index": 0.5199636198271942,
    "ibs": 0.1673038472979922
  },
  "RSF": {
    "model_name": "RSF",
    "c_index": 0.5366984993178717,
    "ibs": 0.16862176253049488
  }
}