model,c_index,ibs
CoxPH,0.5191169215589542,0.19938970475648865
RSF,0.4975333004440059,0.19574346184087804
