model,c_index,ibs
CoxPH,0.5199636198271942,0.1673038472979922
RSF,0.5366984993178717,0.16862176253049488
