{
  "CoxPH": {
    "model_name": "CoxPH",
    "c_index": 0.48363293822121045,
    "ibs": 0.19586935882464604
  },
  "RSF": {
    "model_name": "RSF",
    "c_index": 0.47048433943009654,
    "ibs": 0.18800441479084457
  }
}