{
  "CoxPH": {
    "model_name": "CoxPH",
    "c_index": 0.5568497182743252,
    "ibs": 0.17669962412251494
  },
  "RSF": {
    "model_name": "RSF",
    "c_index": 0.5393995458750316,
    "ibs": 0.17962593806085145
  }
}