model,c_index,ibs
CoxPH,0.5347284060552092,0.18401570762826405
RSF,0.5519590382902938,0.1834960621206096
