model,c_index,ibs
CoxPH,0.5079758568657038,nan
RSF,0.5376517927714306,nan
