model,c_index,ibs
CoxPH,0.5347284060552092,0.18401570762826405
RSF,0.5516028495102404,0.18361403700404427
