model,c_index,ibs
CoxPH,0.5143051771117166,nan
RSF,0.52023561468184,nan
