{
  "CoxPH": {
    "model_name": "CoxPH",
    "c_index": 0.5492272727272727,
    "ibs": 0.1780261216860635
  },
  "RSF": {
    "model_name": "RSF",
    "c_index": 0.5350454545454545,
    "ibs": 0.17874084618637714
  }
}