model,c_index,ibs
CoxPH,0.535370356961842,nan
RSF,0.5148794439215119,nan
