model,c_index,ibs
CoxPH,0.5492272727272727,0.1780261216860635
RSF,0.5350454545454545,0.17874084618637714
