{
  "CoxPH": {
    "model_name": "CoxPH",
    "c_index": 0.543777688280306,
    "ibs": 0.1902223300208841
  },
  "RSF": {
    "model_name": "RSF",
    "c_index": 0.5211035038260169,
    "ibs": 0.18729676974634893
  }
}