model,c_index,ibs
CoxPH,0.54253413924334,0.20208309203258942
RSF,0.5306320423848967,0.1973224851955078
