{
  "CoxPH": {
    "model_name": "CoxPH",
    "c_index": 0.5347284060552092,
    "ibs": 0.18401570762826405
  },
  "RSF": {
    "model_name": "RSF",
    "c_index": 0.5516028495102404,
    "ibs": 0.18361403700404427
  }
}