model,c_index,ibs
CoxPH,0.5331919681495586,0.18542754811614615
RSF,0.5062316081010906,0.17701452254385877
