{
  "CoxPH": {
    "model_name": "CoxPH",
    "c_index": 0.5195693779904306,
    "ibs": 0.18358312212574168
  },
  "RSF": {
    "model_name": "RSF",
    "c_index": 0.5210526315789473,
    "ibs": 0.18286138712131064
  }
}