{
  "CoxPH": {
    "model_name": "CoxPH",
    "c_index": 0.54253413924334,
    "ibs": 0.20208309203258942
  },
  "RSF": {
    "model_name": "RSF",
    "c_index": 0.5306320423848967,
    "ibs": 0.1973224851955078
  }
}