{
  "CoxPH": {
    "model_name": "CoxPH",
    "c_index": 0.5492788461538461,
    "ibs": 0.18401966979000153
  },
  "RSF": {
    "model_name": "RSF",
    "c_index": 0.5421102335164835,
    "ibs": 0.1874891621639135
  }
}