model,c_index,ibs
CoxPH,0.543777688280306,0.1902223300208841
RSF,0.5211035038260169,0.18729676974634893
