{
  "CoxPH": {
    "model_name": "CoxPH",
    "c_index": 0.5040862458702834,
    "ibs": 0.18935796316398223
  },
  "RSF": {
    "model_name": "RSF",
    "c_index": 0.5135628586332812,
    "ibs": 0.18656940049630064
  }
}