model,c_index,ibs
CoxPH,0.51919734555222,nan
RSF,0.5090456628219308,nan
