{
  "CoxPH": {
    "model_name": "CoxPH",
    "c_index": 0.5347284060552092,
    "ibs": 0.18401570762826405
  },
  "RSF": {
    "model_name": "RSF",
    "c_index": 0.5519590382902938,
    "ibs": 0.1834960621206096
  }
}