{
  "CoxPH": {
    "model_name": "CoxPH",
    "c_index": 0.5331919681495586,
    "ibs": 0.18542754811614615
  },
  "RSF": {
    "model_name": "RSF",
    "c_index": 0.5062316081010906,
    "ibs": 0.17701452254385877
  }
}