model,c_index,ibs
CoxPH,0.5040862458702834,0.18935796316398223
RSF,0.5135628586332812,0.18656940049630064
