model,c_index,ibs
CoxPH,0.5568497182743252,0.17669962412251494
RSF,0.5393995458750316,0.17962593806085145
