{
  "CoxPH": {
    "model_name": "CoxPH",
    "c_index": 0.5063986204392812,
    "ibs": 0.18750820368527013
  },
  "RSF": {
    "model_name": "RSF",
    "c_index": 0.4863405336721728,
    "ibs": 0.18297362861926045
  }
}