{
  "CoxPH": {
    "model_name": "CoxPH",
    "c_index": 0.4725822092920744,
    "ibs": 0.18376995738441432
  },
  "RSF": {
    "model_name": "RSF",
    "c_index": 0.46998148637926473,
    "ibs": 0.17828354410883335
  }
}