model,c_index,ibs
CoxPH,0.6357882623705409,0.16957848771773334
RSF,0.595512082853855,0.1444410047015104
