model,c_index,ibs
CoxPH,0.7835051546391752,0.10117158155409009
RSF,0.6552119129438717,0.10551126204591725
