{
  "CoxPH": {
    "model_name": "CoxPH",
    "c_index": 0.8802816901408451,
    "ibs": 0.06865071468160278
  },
  "RSF": {
    "model_name": "RSF",
    "c_index": 0.7474849094567404,
    "ibs": 0.08595971197467023
  }
}