model,c_index,ibs
CoxPH,0.8323863636363636,0.06491723657377578
RSF,0.8797348484848485,0.0575761640582574
