model,c_index,ibs
CoxPH,0.8521400778210116,0.04446574647425624
RSF,0.7470817120622568,0.04737644794655818
