{
  "CoxPH": {
    "model_name": "CoxPH",
    "c_index": 0.8755781683626273,
    "ibs": 0.08191375385897494
  },
  "RSF": {
    "model_name": "RSF",
    "c_index": 0.7798334875115633,
    "ibs": 0.1243024653935747
  }
}