model,c_index,ibs
CoxPH,0.8874862788144896,0.08060262743457057
RSF,0.8320526893523601,0.11631258080211053
