model,c_index,ibs
CoxPH,0.8134044173648134,0.10431507015156226
RSF,0.7265803503427266,0.1108662057925188
