{
  "CoxPH": {
    "model_name": "CoxPH",
    "c_index": 0.8446601941747572,
    "ibs": 0.08759959625233399
  },
  "RSF": {
    "model_name": "RSF",
    "c_index": 0.7804331590739357,
    "ibs": 0.11158395660374539
  }
}