{
  "CoxPH": {
    "model_name": "CoxPH",
    "c_index": 0.8649289099526066,
    "ibs": 0.05087156540715981
  },
  "RSF": {
    "model_name": "RSF",
    "c_index": 0.8353080568720379,
    "ibs": 0.06457705778145781
  }
}