{
  "CoxPH": {
    "model_name": "CoxPH",
    "c_index": 0.8134044173648134,
    "ibs": 0.10431507015156226
  },
  "RSF": {
    "model_name": "RSF",
    "c_index": 0.7265803503427266,
    "ibs": 0.1108662057925188
  }
}