{
  "CoxPH": {
    "model_name": "CoxPH",
    "c_index": 0.8323863636363636,
    "ibs": 0.06491723657377578
  },
  "RSF": {
    "model_name": "RSF",
    "c_index": 0.8797348484848485,
    "ibs": 0.0575761640582574
  }
}