model,c_index,ibs
CoxPH,0.8525369978858351,0.07304969271559061
RSF,0.6485200845665962,0.0999466229079426
