model,c_index,ibs
CoxPH,0.8802816901408451,0.06865071468160278
RSF,0.7716297786720322,0.08733966801563234
