{
  "CoxPH": {
    "model_name": "CoxPH",
    "c_index": 0.8625,
    "ibs": 0.08254664806983356
  },
  "RSF": {
    "model_name": "RSF",
    "c_index": 0.7739583333333333,
    "ibs": 0.09870043249051946
  }
}