model,c_index,ibs
CoxPH,0.9394387001477105,0.060539068219437116
RSF,0.8611521418020679,0.08152478772716255
