model,c_index,ibs
CoxPH,0.8065727699530516,0.061884065986835116
RSF,0.7633802816901408,0.06605984813913837
