{
  "CoxPH": {
    "model_name": "CoxPH",
    "c_index": 0.8521400778210116,
    "ibs": 0.04446574647425624
  },
  "RSF": {
    "model_name": "RSF",
    "c_index": 0.7470817120622568,
    "ibs": 0.04737644794655817
  }
}