{
  "CoxPH": {
    "model_name": "CoxPH",
    "c_index": 0.8296137339055794,
    "ibs": 0.06411581511898283
  },
  "RSF": {
    "model_name": "RSF",
    "c_index": 0.8012875536480687,
    "ibs": 0.06786653907289034
  }
}