model,c_index,ibs
CoxPH,0.8446601941747572,0.08759959625233399
RSF,0.7804331590739357,0.11158395660374539
