model,c_index,ibs
CoxPH,0.889920424403183,0.08935143065243453
RSF,0.8143236074270557,0.1119103928283015
