model,c_index,ibs
CoxPH,0.8649289099526066,0.05087156540715981
RSF,0.8353080568720379,0.06457705778145781
