model,c_index,ibs
CoxPH,0.8755781683626273,0.08191375385897494
RSF,0.7955596669750231,0.12407959080147653
