{
  "CoxPH": {
    "model_name": "CoxPH",
    "c_index": 0.7835051546391752,
    "ibs": 0.10117158155409009
  },
  "RSF": {
    "model_name": "RSF",
    "c_index": 0.6552119129438717,
    "ibs": 0.10551126204591725
  }
}