model,c_index,ibs
CoxPH,0.8609143593045718,0.06328800216011854
RSF,0.6767546683837733,0.09246637512711106
