{
  "CoxPH": {
    "model_name": "CoxPH",
    "c_index": 0.8245942571785269,
    "ibs": 0.07971645250380507
  },
  "RSF": {
    "model_name": "RSF",
    "c_index": 0.7209737827715356,
    "ibs": 0.12351758141294247
  }
}