model,c_index,ibs
CoxPH,0.8829553767373811,0.07388190522877366
RSF,0.787125091441112,0.08680190135658138
