model,c_index,ibs
CoxPH,0.8245942571785269,0.07971645250380507
RSF,0.7209737827715356,0.12351758141294247
