{
  "CoxPH": {
    "model_name": "CoxPH",
    "c_index": 0.8829553767373811,
    "ibs": 0.07388190522877366
  },
  "RSF": {
    "model_name": "RSF",
    "c_index": 0.787125091441112,
    "ibs": 0.08680190135658138
  }
}