{
  "CoxPH": {
    "model_name": "CoxPH",
    "c_index": 0.889920424403183,
    "ibs": 0.08935143065243453
  },
  "RSF": {
    "model_name": "RSF",
    "c_index": 0.8143236074270557,
    "ibs": 0.1119103928283015
  }
}