{
  "CoxPH": {
    "model_name": "CoxPH",
    "c_index": 0.8755781683626273,
    "ibs": 0.08191375385897494
  },
  "RSF": {
    "model_name": "RSF",
    "c_index": 0.7955596669750231,
    "ibs": 0.12407959080147653
  }
}