model,c_index,ibs
CoxPH,0.8649289099526066,0.05087156540715981
RSF,0.8045023696682464,0.06552320766451275
