{
  "CoxPH": {
    "model_name": "CoxPH",
    "c_index": 0.8474672737620945,
    "ibs": 0.07583557778164966
  },
  "RSF": {
    "model_name": "RSF",
    "c_index": 0.7820147979510529,
    "ibs": 0.10536327765406871
  }
}