model,c_index,ibs
CoxPH,0.8802816901408451,0.06865071468160278
RSF,0.7474849094567404,0.08595971197467023
