model,c_index,ibs
CoxPH,0.8474672737620945,0.07583557778164966
RSF,0.7820147979510529,0.10536327765406871
