{
  "CoxPH": {
    "model_name": "CoxPH",
    "c_index": 0.8065727699530516,
    "ibs": 0.061884065986835116
  },
  "RSF": {
    "model_name": "RSF",
    "c_index": 0.7633802816901408,
    "ibs": 0.06605984813913837
  }
}