model,c_index,ibs
CoxPH,0.8625,0.08254664806983356
RSF,0.7739583333333333,0.09870043249051946
