{
  "CoxPH": {
    "model_name": "CoxPH",
    "c_index": 0.6357882623705409,
    "ibs": 0.16957848771773334
  },
  "RSF": {
    "model_name": "RSF",
    "c_index": 0.595512082853855,
    "ibs": 0.1444410047015104
  }
}