model,c_index,ibs
CoxPH,0.8296137339055794,0.06411581511898283
RSF,0.8012875536480687,0.06786653907289034
