{
  "CoxPH": {
    "model_name": "CoxPH",
    "c_index": 0.8609143593045718,
    "ibs": 0.06328800216011854
  },
  "RSF": {
    "model_name": "RSF",
    "c_index": 0.6767546683837733,
    "ibs": 0.09246637512711106
  }
}