{
  "CoxPH": {
    "model_name": "CoxPH",
    "c_index": 0.8802816901408451,
    "ibs": 0.06865071468160278
  },
  "RSF": {
    "model_name": "RSF",
    "c_index": 0.7716297786720322,
    "ibs": 0.08733966801563234
  }
}