{
  "CoxPH": {
    "model_name": "CoxPH",
    "c_index": 0.8525369978858351,
    "ibs": 0.07304969271559061
  },
  "RSF": {
    "model_name": "RSF",
    "c_index": 0.6485200845665962,
    "ibs": 0.0999466229079426
  }
}