{
  "CoxPH": {
    "model_name": "CoxPH",
    "c_index": 0.9394387001477105,
    "ibs": 0.060539068219437116
  },
  "RSF": {
    "model_name": "RSF",
    "c_index": 0.8611521418020679,
    "ibs": 0.08152478772716255
  }
}