{
  "CoxPH": {
    "model_name": "CoxPH",
    "c_index": 0.8874862788144896,
    "ibs": 0.08060262743457057
  },
  "RSF": {
    "model_name": "RSF",
    "c_index": 0.8320526893523601,
    "ibs": 0.11631258080211053
  }
}