{
  "CoxPH": {
    "model_name": "CoxPH",
    "c_index": 0.8134044173648134,
    "ibs": 0.10431507015156226
  },
  "RSF": {
    "model_name": "RSF",
    "c_index": 0.7524752475247525,
    "ibs": 0.1069707883532833
  }
}