model,c_index,ibs
CoxPH,0.8134044173648134,0.10431507015156226
RSF,0.7524752475247525,0.1069707883532833
