model,c_index,ibs
CoxPH,0.8755781683626273,0.08191375385897494
RSF,0.7798334875115633,0.1243024653935747
