{
  "CoxPH": {
    "model_name": "CoxPH",
    "c_index": 0.7861831200689517,
    "ibs": 0.12862081657150876
  },
  "RSF": {
    "model_name": "RSF",
    "c_index": 0.7527017171650202,
    "ibs": 0.1592904698739918
  }
}