model,c_index,ibs
CoxPH,0.8757726819541376,0.08357755943242684
RSF,0.8376869391824526,0.12490279180599381
