model,c_index,ibs
CoxPH,0.8652355396541443,0.09047238914324103
RSF,0.8093818326376466,0.1375679509514294
