{
  "CoxPH": {
    "model_name": "CoxPH",
    "c_index": 0.8990645646627854,
    "ibs": 0.07540139361078801
  },
  "RSF": {
    "model_name": "RSF",
    "c_index": 0.8441159154837443,
    "ibs": 0.13351876155083686
  }
}