{
  "CoxPH": {
    "model_name": "CoxPH",
    "c_index": 0.8734177215189873,
    "ibs": 0.09141251819579674
  },
  "RSF": {
    "model_name": "RSF",
    "c_index": 0.8004152434532181,
    "ibs": 0.14420030955403632
  }
}