model,c_index,ibs
CoxPH,0.9208137300377709,0.06445995859416202
RSF,0.877807965012259,0.10211301721270115
