{
  "CoxPH": {
    "model_name": "CoxPH",
    "c_index": 0.9006479481641468,
    "ibs": 0.07490325421543263
  },
  "RSF": {
    "model_name": "RSF",
    "c_index": 0.8594206581120569,
    "ibs": 0.13164568442303226
  }
}