model,c_index,ibs
CoxPH,0.88051829665321,0.08980459725925946
RSF,0.8155358770673264,0.14343892303184644
