{
  "CoxPH": {
    "model_name": "CoxPH",
    "c_index": 0.9093129166391657,
    "ibs": 0.07526136050636767
  },
  "RSF": {
    "model_name": "RSF",
    "c_index": 0.8521549732690912,
    "ibs": 0.13670427135225804
  }
}