model,c_index,ibs
CoxPH,0.8734177215189873,0.09141251819579674
RSF,0.8004152434532181,0.14420030955403632
