model,c_index,ibs
CoxPH,0.8967856672375181,0.07275756643770931
RSF,0.8199183243314452,0.13924430214193853
