model,c_index,ibs
CoxPH,0.8599582354476638,0.09068356982445051
RSF,0.8125815713912816,0.13812324733208353
