{
  "CoxPH": {
    "model_name": "CoxPH",
    "c_index": 0.9100765306122449,
    "ibs": 0.05710980323238873
  },
  "RSF": {
    "model_name": "RSF",
    "c_index": 0.8508928571428571,
    "ibs": 0.1252726284949111
  }
}