model,c_index,ibs
CoxPH,0.8990645646627854,0.07540139361078801
RSF,0.8441159154837443,0.13351876155083686
