model,c_index,ibs
CoxPH,0.8659254414650098,0.08324978350720594
RSF,0.83424169755105,0.12804058431475543
