{
  "CoxPH": {
    "model_name": "CoxPH",
    "c_index": 0.8665485278080698,
    "ibs": 0.08795809763489254
  },
  "RSF": {
    "model_name": "RSF",
    "c_index": 0.823541439476554,
    "ibs": 0.12571312285857467
  }
}