model,c_index,ibs
CoxPH,0.9062888554413978,0.08001419371005215
RSF,0.8627707610758458,0.13717286528283926
