{
  "CoxPH": {
    "model_name": "CoxPH",
    "c_index": 0.8967856672375181,
    "ibs": 0.07275756643770931
  },
  "RSF": {
    "model_name": "RSF",
    "c_index": 0.8199183243314452,
    "ibs": 0.13924430214193853
  }
}