model,c_index,ibs
CoxPH,0.9100765306122449,0.05710980323238873
RSF,0.8503826530612245,0.1257173634989853
