{
  "CoxPH": {
    "model_name": "CoxPH",
    "c_index": 0.8820023837902264,
    "ibs": 0.07354828309612106
  },
  "RSF": {
    "model_name": "RSF",
    "c_index": 0.7862743868013299,
    "ibs": 0.1546016949296762
  }
}