model,c_index,ibs
CoxPH,0.8949756455594848,0.14701835395262178
RSF,0.8108360579168613,0.14714546620930966
