{
  "CoxPH": {
    "model_name": "CoxPH",
    "c_index": 0.88051829665321,
    "ibs": 0.08980459725925946
  },
  "RSF": {
    "model_name": "RSF",
    "c_index": 0.8155358770673264,
    "ibs": 0.14343892303184644
  }
}