{
  "CoxPH": {
    "model_name": "CoxPH",
    "c_index": 0.9208137300377709,
    "ibs": 0.06445995859416202
  },
  "RSF": {
    "model_name": "RSF",
    "c_index": 0.877807965012259,
    "ibs": 0.10211301721270115
  }
}