{
  "CoxPH": {
    "model_name": "CoxPH",
    "c_index": 0.8659254414650098,
    "ibs": 0.08324978350720594
  },
  "RSF": {
    "model_name": "RSF",
    "c_index": 0.83424169755105,
    "ibs": 0.12804058431475543
  }
}