{
  "CoxPH": {
    "model_name": "CoxPH",
    "c_index": 0.8946930280957336,
    "ibs": 0.07336875035749613
  },
  "RSF": {
    "model_name": "RSF",
    "c_index": 0.8314949705168228,
    "ibs": 0.1300054606546443
  }
}