model,c_index,ibs
CoxPH,0.8946930280957336,0.07336875035749613
RSF,0.8314949705168228,0.1300054606546443
