{
  "CoxPH": {
    "model_name": "CoxPH",
    "c_index": 0.8949756455594848,
    "ibs": 0.14701835395262178
  },
  "RSF": {
    "model_name": "RSF",
    "c_index": 0.8108360579168613,
    "ibs": 0.14714546620930966
  }
}