model,c_index,ibs
CoxPH,0.8665485278080698,0.08795809763489254
RSF,0.823541439476554,0.12571312285857467
