{
  "CoxPH": {
    "model_name": "CoxPH",
    "c_index": 0.9100765306122449,
    "ibs": 0.05710980323238873
  },
  "RSF": {
    "model_name": "RSF",
    "c_index": 0.8503826530612245,
    "ibs": 0.1257173634989853
  }
}