model,c_index,ibs
CoxPH,0.9100765306122449,0.05710980323238873
RSF,0.8508928571428571,0.1252726284949111
