model,c_index,ibs
CoxPH,0.9006479481641468,0.07490325421543263
RSF,0.8594206581120569,0.13164568442303226
