{
  "CoxPH": {
    "model_name": "CoxPH",
    "c_index": 0.8716959565652236,
    "ibs": 0.08074242671093722
  },
  "RSF": {
    "model_name": "RSF",
    "c_index": 0.8141163023289041,
    "ibs": 0.14070952054726155
  }
}