{
  "CoxPH": {
    "model_name": "CoxPH",
    "c_index": 0.8929608800444966,
    "ibs": 0.08625968423888514
  },
  "RSF": {
    "model_name": "RSF",
    "c_index": 0.868116927260367,
    "ibs": 0.12616180139449065
  }
}