model,c_index,ibs
CoxPH,0.88051829665321,0.08980459725925946
RSF,0.805443417111603,0.14589952693053534
