{
  "CoxPH": {
    "model_name": "CoxPH",
    "c_index": 0.8757726819541376,
    "ibs": 0.08357755943242684
  },
  "RSF": {
    "model_name": "RSF",
    "c_index": 0.8376869391824526,
    "ibs": 0.12490279180599381
  }
}