model,c_index,ibs
CoxPH,0.8757726819541376,0.08357755943242684
RSF,0.8317713526088402,0.12816966641220204
