{
  "CoxPH": {
    "model_name": "CoxPH",
    "c_index": 0.8757726819541376,
    "ibs": 0.08357755943242684
  },
  "RSF": {
    "model_name": "RSF",
    "c_index": 0.8317713526088402,
    "ibs": 0.12816966641220204
  }
}