model,c_index,ibs
CoxPH,0.9093129166391657,0.07526136050636767
RSF,0.8521549732690912,0.13670427135225804
