model,c_index,ibs
CoxPH,0.8929608800444966,0.08625968423888514
RSF,0.868116927260367,0.12616180139449065
