model,c_index,ibs
CoxPH,0.7861831200689517,0.12862081657150876
RSF,0.7527017171650202,0.1592904698739918
