{
  "CoxPH": {
    "model_name": "CoxPH",
    "c_index": 0.8652355396541443,
    "ibs": 0.09047238914324103
  },
  "RSF": {
    "model_name": "RSF",
    "c_index": 0.8093818326376466,
    "ibs": 0.1375679509514294
  }
}