{
  "CoxPH": {
    "model_name": "CoxPH",
    "c_index": 0.9062888554413978,
    "ibs": 0.08001419371005215
  },
  "RSF": {
    "model_name": "RSF",
    "c_index": 0.8627707610758458,
    "ibs": 0.13717286528283926
  }
}