model,c_index,ibs
CoxPH,0.8716959565652236,0.08074242671093722
RSF,0.8141163023289041,0.14070952054726155
