{
  "CoxPH": {
    "model_name": "CoxPH",
    "c_index": 0.8599582354476638,
    "ibs": 0.09068356982445051
  },
  "RSF": {
    "model_name": "RSF",
    "c_index": 0.8125815713912816,
    "ibs": 0.13812324733208353
  }
}