model,c_index,ibs
CoxPH,0.8820023837902264,0.07354828309612106
RSF,0.7862743868013299,0.1546016949296762
