model,c_index,ibs
CoxPH,0.9208137300377709,0.06445995859416202
RSF,0.8797959048439468,0.10359511588297461
