model,c_index,ibs
CoxPH,0.7870416518333927,0.11235400567779698
RSF,0.7617657529369882,0.14569217958312286
