model,c_index,ibs
CoxPH,0.784512740435801,0.1340851046134404
RSF,0.7826673291220101,0.14769019505606434
