model,c_index,ibs
CoxPH,0.8005843681519357,nan
RSF,0.775018261504748,nan
