model,c_index,ibs
CoxPH,0.8479823106688779,0.0984059382761968
RSF,0.8063156440022111,0.14149726480182245
