{
  "CoxPH": {
    "model_name": "CoxPH",
    "c_index": 0.7870416518333927,
    "ibs": 0.11235400567779698
  },
  "RSF": {
    "model_name": "RSF",
    "c_index": 0.7617657529369882,
    "ibs": 0.14569217958312286
  }
}