model,c_index,ibs
CoxPH,0.7529850746268657,0.14063466910853653
RSF,0.7521641791044776,0.1459524501497919
