{
  "CoxPH": {
    "model_name": "CoxPH",
    "c_index": 0.7529850746268657,
    "ibs": 0.14063466910853653
  },
  "RSF": {
    "model_name": "RSF",
    "c_index": 0.7521641791044776,
    "ibs": 0.1459524501497919
  }
}