{
  "CoxPH": {
    "model_name": "CoxPH",
    "c_index": 0.8479823106688779,
    "ibs": 0.0984059382761968
  },
  "RSF": {
    "model_name": "RSF",
    "c_index": 0.8063156440022111,
    "ibs": 0.14149726480182245
  }
}