{
  "CoxPH": {
    "model_name": "CoxPH",
    "c_index": 0.8069133847879147,
    "ibs": 0.11181599009648141
  },
  "RSF": {
    "model_name": "RSF",
    "c_index": 0.7788112672339864,
    "ibs": 0.15082649865994427
  }
}