model,c_index,ibs
CoxPH,0.8002126905352712,0.12519673460176883
RSF,0.760723147819922,0.15305116358081994
