{
  "CoxPH": {
    "model_name": "CoxPH",
    "c_index": 0.7943609540879636,
    "ibs": 0.12698004827148734
  },
  "RSF": {
    "model_name": "RSF",
    "c_index": 0.7671308424100373,
    "ibs": 0.15404827303416424
  }
}