model,c_index,ibs
CoxPH,0.8281326352530541,0.11081850005866006
RSF,0.8106806282722513,0.13611615046610337
