model,c_index,ibs
CoxPH,0.8283309183743877,0.11422253592662443
RSF,0.8178430966673567,0.13803589334727548
