model,c_index,ibs
CoxPH,0.7943609540879636,0.12698004827148734
RSF,0.7671308424100373,0.15404827303416424
