{
  "CoxPH": {
    "model_name": "CoxPH",
    "c_index": 0.798055038278502,
    "ibs": 0.1372521224921725
  },
  "RSF": {
    "model_name": "RSF",
    "c_index": 0.7750879370991103,
    "ibs": 0.1570690987244584
  }
}