{
  "CoxPH": {
    "model_name": "CoxPH",
    "c_index": 0.8203807740324595,
    "ibs": 0.11305372155846238
  },
  "RSF": {
    "model_name": "RSF",
    "c_index": 0.8036048689138576,
    "ibs": 0.12880572528100026
  }
}