model,c_index,ibs
CoxPH,0.8069133847879147,0.11181599009648141
RSF,0.7788112672339864,0.15082649865994427
