{
  "CoxPH": {
    "model_name": "CoxPH",
    "c_index": 0.8002126905352712,
    "ibs": 0.12519673460176883
  },
  "RSF": {
    "model_name": "RSF",
    "c_index": 0.760723147819922,
    "ibs": 0.15305116358081994
  }
}