{
  "CoxPH": {
    "model_name": "CoxPH",
    "c_index": 0.784512740435801,
    "ibs": 0.1340851046134404
  },
  "RSF": {
    "model_name": "RSF",
    "c_index": 0.7826673291220101,
    "ibs": 0.14769019505606434
  }
}