{
  "CoxPH": {
    "model_name": "CoxPH",
    "c_index": 0.8097134277694367,
    "ibs": 0.11995231399003424
  },
  "RSF": {
    "model_name": "RSF",
    "c_index": 0.7899340688034467,
    "ibs": 0.1511108680522421
  }
}