model,c_index,ibs
CoxPH,0.7996208254338633,nan
RSF,0.7593699868747266,nan
