model,c_index,ibs
CoxPH,0.798055038278502,0.1372521224921725
RSF,0.7750879370991103,0.1570690987244584
