{
  "CoxPH": {
    "model_name": "CoxPH",
    "c_index": 0.8222253206915784,
    "ibs": 0.11425270562577142
  },
  "RSF": {
    "model_name": "RSF",
    "c_index": 0.7996374790853319,
    "ibs": 0.14824446041794054
  }
}