{
  "CoxPH": {
    "model_name": "CoxPH",
    "c_index": 0.8055725658297612,
    "ibs": 0.1308714434594372
  },
  "RSF": {
    "model_name": "RSF",
    "c_index": 0.7893447642375995,
    "ibs": 0.15393360441357265
  }
}