model,c_index,ibs
CoxPH,0.8203807740324595,0.11305372155846238
RSF,0.8036048689138576,0.12880572528100026
