{
  "CoxPH": {
    "model_name": "CoxPH",
    "c_index": 0.6838963198065442,
    "ibs": 0.1559680102926441
  },
  "RSF": {
    "model_name": "RSF",
    "c_index": 0.6631905085770422,
    "ibs": 0.17180686041554688
  }
}