{
  "CoxPH": {
    "model_name": "CoxPH",
    "c_index": 0.8270939548434086,
    "ibs": 0.11438771709230207
  },
  "RSF": {
    "model_name": "RSF",
    "c_index": 0.7975965040058267,
    "ibs": 0.141741736239112
  }
}