{
  "CoxPH": {
    "model_name": "CoxPH",
    "c_index": 0.8281326352530541,
    "ibs": 0.11081850005866006
  },
  "RSF": {
    "model_name": "RSF",
    "c_index": 0.8106806282722513,
    "ibs": 0.13611615046610337
  }
}