model,c_index,ibs
CoxPH,0.8097134277694367,0.11995231399003424
RSF,0.7899340688034467,0.1511108680522421
