model,c_index,ibs
CoxPH,0.7914666253678179,0.12305053684172705
RSF,0.7995199008827629,0.14303416495103366
