model,c_index,ibs
CoxPH,0.8055725658297612,0.1308714434594372
RSF,0.7893447642375995,0.15393360441357265
