model,c_index,ibs
CoxPH,0.8270939548434086,0.11438771709230207
RSF,0.7975965040058267,0.141741736239112
