{
  "CoxPH": {
    "model_name": "CoxPH",
    "c_index": 0.8283309183743877,
    "ibs": 0.11422253592662443
  },
  "RSF": {
    "model_name": "RSF",
    "c_index": 0.8178430966673567,
    "ibs": 0.13803589334727548
  }
}