model,c_index,ibs
CoxPH,0.8222253206915784,0.11425270562577142
RSF,0.7996374790853319,0.14824446041794054
