{
  "CoxPH": {
    "model_name": "CoxPH",
    "c_index": 0.7914666253678179,
    "ibs": 0.12305053684172705
  },
  "RSF": {
    "model_name": "RSF",
    "c_index": 0.7995199008827629,
    "ibs": 0.14303416495103366
  }
}