model,c_index,ibs
CoxPH,0.7688321732405259,nan
RSF,0.768522815158546,nan
