model,c_index,ibs
CoxPH,0.6838963198065442,0.1559680102926441
RSF,0.6631905085770422,0.17180686041554688
