model,c_index,ibs
CoxPH,0.8277316641719962,0.1142482517701187
RSF,0.7734385630698054,0.15892904558199944
