{
  "CoxPH": {
    "model_name": "CoxPH",
    "c_index": 0.8444823494512014,
    "ibs": 0.10226836946714794
  },
  "RSF": {
    "model_name": "RSF",
    "c_index": 0.7930881044200534,
    "ibs": 0.14305317405757664
  }
}