model,c_index,ibs
CoxPH,0.8395625041937865,0.10745116265931877
RSF,0.7887002616922767,0.14745282116588068
