model,c_index,ibs
CoxPH,0.8549925078327203,0.09633794390476544
RSF,0.7913090859555919,0.14657980562516645
