model,c_index,ibs
CoxPH,0.8181532663316583,0.12407954400223206
RSF,0.773947864321608,0.15679835747449467
