{
  "CoxPH": {
    "model_name": "CoxPH",
    "c_index": 0.8181532663316583,
    "ibs": 0.12407954400223206
  },
  "RSF": {
    "model_name": "RSF",
    "c_index": 0.773947864321608,
    "ibs": 0.15679835747449467
  }
}