{
  "CoxPH": {
    "model_name": "CoxPH",
    "c_index": 0.8549925078327203,
    "ibs": 0.09633794390476544
  },
  "RSF": {
    "model_name": "RSF",
    "c_index": 0.7954638332652227,
    "ibs": 0.14607445351934753
  }
}