model,c_index,ibs
CoxPH,0.8193491999462149,0.10264931140625004
RSF,0.77282506386984,0.14696052455632333
