model,c_index,ibs
CoxPH,0.8364759688678488,nan
RSF,0.782315654336837,nan
