model,c_index,ibs
CoxPH,0.8121844962312427,0.11568807780225265
RSF,0.7818961344305373,0.14850824398404763
