model,c_index,ibs
CoxPH,0.8161264505802321,nan
RSF,0.7609710550887021,nan
