{
  "CoxPH": {
    "model_name": "CoxPH",
    "c_index": 0.8297672401330056,
    "ibs": 0.10482165900068503
  },
  "RSF": {
    "model_name": "RSF",
    "c_index": 0.7866126933641753,
    "ibs": 0.14594449381094818
  }
}