{
  "CoxPH": {
    "model_name": "CoxPH",
    "c_index": 0.7676273988356214,
    "ibs": 0.13526613652195668
  },
  "RSF": {
    "model_name": "RSF",
    "c_index": 0.744842952634227,
    "ibs": 0.14772809498428913
  }
}