model,c_index,ibs
CoxPH,0.8324336154070616,0.11071109890045058
RSF,0.8095272833381967,0.14368149763150564
