{
  "CoxPH": {
    "model_name": "CoxPH",
    "c_index": 0.8324336154070616,
    "ibs": 0.11071109890045058
  },
  "RSF": {
    "model_name": "RSF",
    "c_index": 0.8095272833381967,
    "ibs": 0.14368149763150564
  }
}