{
  "CoxPH": {
    "model_name": "CoxPH",
    "c_index": 0.8056195965417867,
    "ibs": 0.10383639453418063
  },
  "RSF": {
    "model_name": "RSF",
    "c_index": 0.7602305475504323,
    "ibs": 0.1478489974975255
  }
}