model,c_index,ibs
CoxPH,0.7676273988356214,0.13526613652195668
RSF,0.744842952634227,0.14772809498428913
