model,c_index,ibs
CoxPH,0.8395625041937865,0.10745116265931877
RSF,0.7857478360061733,0.14824553144982933
