{
  "CoxPH": {
    "model_name": "CoxPH",
    "c_index": 0.8395625041937865,
    "ibs": 0.10745116265931877
  },
  "RSF": {
    "model_name": "RSF",
    "c_index": 0.7887002616922767,
    "ibs": 0.14745282116588068
  }
}