{
  "CoxPH": {
    "model_name": "CoxPH",
    "c_index": 0.836016424428078,
    "ibs": 0.10856389172347225
  },
  "RSF": {
    "model_name": "RSF",
    "c_index": 0.7904581894023334,
    "ibs": 0.15062270437638087
  }
}