model,c_index,ibs
CoxPH,0.806025140875596,0.10977070271553695
RSF,0.7738766074266724,0.14787342282402305
