{
  "CoxPH": {
    "model_name": "CoxPH",
    "c_index": 0.8121844962312427,
    "ibs": 0.11568807780225265
  },
  "RSF": {
    "model_name": "RSF",
    "c_index": 0.7818961344305373,
    "ibs": 0.14850824398404763
  }
}