model,c_index,ibs
CoxPH,0.836016424428078,0.10856389172347225
RSF,0.7904581894023334,0.15062270437638087
